,,,
Category,Term,Complete Form,Definition
MILITARY & COMMERCIAL TERM,3PL,Third Party Logistics,"It refers to the outsourcing of a company's logistics operations, such as warehousing, transportation, and fulfillment, to a specialized external provider."
MILITARY & COMMERCIAL TERM,A/N,Arrival Notice,It is a document that informs the consignee that their cargo is about to arrive at the destination port or terminal.
MILITARY & COMMERCIAL TERM,ACE,Automated Commercial Environment,"It is a systm that handles various aspects of trade processing, including manifests, cargo release, post-release procedures, export operations, and interactions with Partner Government Agencies."
MILITARY & COMMERCIAL TERM,AES,Automated Export System,It is a system used by the U.S. government to collect data on exports.
MILITARY TERM,AFRICOM,Unites States Africa Command,"It is one of the eleven U.S. Department of Defense combatant commands, specifically focused on military relations and operations within the African continent (excluding Egypt)."
MILITARY & COMMERCIAL TERM,ALCON,All Concerned,It is commonly used in email correspondence and other written communication to indicate that a message is intended for a broad group of individuals.
MILITARY TERM,ALD,Available Loading Date,It is the date when a unit is prepared to begin loading onto transportation assets at the point of embarkation.
MILITARY & COMMERCIAL TERM,ALL-IN,All Inclusive Rate,It is a freight rate that is inclusive of all charges.
MILITARY & COMMERCIAL TERM,AMS,Automated Manifest System,It is a system used to electronically transmit cargo information for shipments entering the United States.
MILITARY & COMMERCIAL TERM,AOR,Area of Responsibility,"It is a defined geographic area where a particular entity, such as a carrier or freight forwarder, is accountable for the safe and timely delivery of goods."
MILITARY TERM,ARCENT,United States Army Central,It is a major subordinate command of U.S. Central Command which serves as the Army Service Component Command for CENTCOM and is responsible for land forces operations in the CENTCOM area of responsibility.
MILITARY TERM,ASCC,Army Service Component Command,It is a key operational-level organization within the United States Army's structure.
MILITARY & COMMERCIAL TERM,ATA,Actual Time of Arrival,It refers to the precise moment a vessel or cargo shipment arrives at its designated destination.
MILITARY & COMMERCIAL TERM,ATD,Actual Time of Departure,It refers to the precise time a vessel or cargo actually leaves the origin point.
MILITARY & COMMERCIAL TERM,AWB,Air Waybill,"It is a crucial document that serves as a contract of carriage between a shipper and an air cargo carrier, acting as a receipt for the goods, detailing shipment information, and providing a tracking number."
MILITARY & COMMERCIAL TERM,B/N,Booking Note,"It is a document that confirms a reservation for shipping goods, outlining the terms of the agreement between a shipper and a shipping line."
MILITARY & COMMERCIAL TERM,BAF,Bunker Adjustment Factor,"It is a surcharge added to the base freight rate to account for fluctuations in fuel costs, specifically the cost of ""bunkers"" (fuel used to power ships)."
COMMERCIAL TERM,BB,Break Bulk,"It is a non-containerized general cargo stored in boxes, bales, pallets or other units to be loaded onto or discharged from ships"
COMMERCIAL TERM,BDL,Bundle,It refers to a group of items purchased together by a single customer and shipped as a single package.
COMMERCIAL TERM,BLS,Bales,"It refers to cargo that have been compressed and tightly bundled into a compact package for easier handling, storage, and transportation."
MILITARY & COMMERCIAL TERM,BLUF,Bottom Line Up Front,"It is a communication strategy where the most critical information or main point of a message is presented at the very beginning, followed by supporting details or context."
MILITARY & COMMERCIAL TERM,BOL,Bill of Lading,It is a document issued by a carrier or their agent acknowledging receipt of cargo for shipment.
MILITARY & COMMERCIAL TERM,C/I,Commercial Invoice,"It is a detailed document used in international trade to declare the value and description of goods being shipped, serving as a customs declaration and a request for payment from the buyer."
COMMERCIAL TERM,C/P,Charter Party,It is a legal contract outlining the terms of hiring a vessel for the transportation of goods.
MILITARY & COMMERCIAL TERM,CAF,Currency Adjustment Factor,It is a surcharge added by shipping lines to account for fluctuations in exchange rates between the currency used for freight rates and the carrier's operating currency.
MILITARY & COMMERCIAL TERM,CARE,Carrier Analysis and Rate Evaluation,It is the process of selecting and assessing transportation providers based on a comprehensive review of their costs and performance.
MILITARY & COMMERCIAL TERM,CBM,Cubic Meter,It is a unit of volume used to measure the amount of space a shipment occupies.
MILITARY TERM,CBP,United States Customs and Border Protection,"It is the unified border agency responsible for managing and controlling the borders of the United States, including customs, immigration, and agricultural protection."
MILITARY TERM,CDS,Cargo Data Sheet,"It is a document that provides detailed information about the potential hazards and safe handling procedures for specific cargo, especially hazardous materials."
MILITARY TERM,CENTCOM,United States Central Command,"It is a geographic combatant command responsible for operations in the Middle East, Central Asia, and parts of North Africa."
COMMERCIAL TERM,CEPA,Comprehensive Economic Partnership Arrangement,"These agreements are trade deals between two or more countries designed to eliminate or reduce trade barriers, such as tariffs and customs duties, and promote economic cooperation."
MILITARY & COMMERCIAL TERM,CFR,Cost and Freight,It is an Incoterm where the seller is responsible for the cost of goods and the freight charges to transport them to a named port of destination.
COMMERCIAL TERM,CFS,Container Freight Station,It is a facility where cargo is consolidated (combined) or deconsolidated (separated) before or after being shipped in containers.
COMMERCIAL TERM,CHOPT,Charterer's Option,"It indicates that the charterer (the party hiring the vessel) has the right to make a choice regarding some aspect of the charter, such as the quantity of cargo to be loaded or the number of ports to be visited. 
"
COMMERCIAL TERM,CIF,"Cost, Insurance and Freight","It is an Incoterm where the seller is responsible for the cost of goods, insurance, and freight (shipping) up to the destination port."
COMMERCIAL TERM,CIP,Carriage and Insurance Paid To,"It is an Incoterm where the seller is responsible for arranging and paying for the main carriage of goods to a named destination, and also for providing broad insurance coverage against loss or damage during transit."
COMMERCIAL TERM,CKD,Completely Knocked Down.,"It refers to a product, often vehicles or machinery, that is shipped in a fully disassembled state, as a kit of parts."
COMMERCIAL TERM,CLP,Container Load Plan,"It is a detailed layout of how cargo is arranged within a shipping container, crucial for efficient space utilization, weight distribution, and safety."
MILITARY & COMMERCIAL TERM,CNEE,Consignee,It is the individual or entity listed on the shipping documents as the receiver of the goods.
MILITARY & COMMERCIAL TERM,COC,Carrier Owned Container,It refers to a shipping container that is owned and managed by a shipping line or carrier.
MILITARY & COMMERCIAL TERM,COD,Change of Destination,It refers to altering the final delivery location of a shipment after the Bill of Lading has been issued
MILITARY & COMMERCIAL TERM,COGSA,Carriage of Goods by Sea Act,"It is a 1936 United States federal law that establishes the rights, liabilities, and immunities of ocean carriers and shippers for cargo transported to or from the U.S. in exchange for bills of lading."
MILITARY TERM,COMSEC,Communications Security,It refers to the measures taken to protect military communications from unauthorized access and exploitation by adversaries.
COMMERCIAL TERM,CONRO,Container Roll On/Roll Off,It is a type of vessel that combines the features of a container ship and a Roll-on/Roll-off (RoRo) ship.
MILITARY TERM,CONUS,Continental United States,"It is a United States territory, including the adjacent territorial waters, located within North America between Canada and Mexico."
MILITARY & COMMERCIAL TERM,COO,Certificate of Origin,It is a document certifying where goods were originally made.
MILITARY & COMMERCIAL TERM,COV,Change of Vessel,It refers to the process of transferring cargo from one ship to another during its journey.
COMMERCIAL TERM,CPT,Carriage Paid To,"It is an Incoterm where the seller is responsible for arranging and paying for the transportation of goods to a specified destination, while the risk of loss or damage transfers to the buyer once the goods are handed over to the first carrier."
COMMERCIAL TERM,CSC,Container Service Charge,It is a fee charged by carriers to cover the costs associated with handling and maintaining containers used in the transportation of goods.
COMMERCIAL TERM,CY,Container Yard,"It is a designated area, typically within a port or terminal, used for storing and handling shipping containers, both full and empty, before or after they are loaded onto or unloaded from a vessel."
COMMERCIAL TERM,D/O,Delivery Order,It is a document that authorizes the release and delivery of goods to the consignee or their authorized representative.
MILITARY & COMMERCIAL TERM,D2D,Door to Door,It refers to a shipping service where the cargo is collected from the sender's location and delivered directly to the recipient's location.
COMMERCIAL TERM,DAP,Delivered At Place,It is an Incoterm where the seller is responsible for all costs and risks associated with delivering goods to a named place (usually the buyer's location).
MILITARY & COMMERCIAL TERM,DC,Dry Container,"It is a standard, non-refrigerated shipping container used for transporting general cargo that does not require temperature control."
MILITARY & COMMERCIAL TERM,DD,Dry Dock,"It is a narrow basin, either excavated or built, that can be flooded to allow a ship to enter and then drained to allow for inspection and repair of the ship's hull and other underwater components."
COMMERCIAL TERM,DDC,Destination Delivery Charge,It is a fee charged by carriers to cover the costs of delivering goods from the port or terminal to their final destination.
COMMERCIAL TERM,DDP,Delivered Duty Paid,"It is an Incoterm where the seller is responsible for all costs and risks associated with delivering goods to a specified location, including import duties, taxes, and other charges."
MILITARY TERM,DDST,Deployment and Distribution Support Team,"These teams are designed to assist units during deployment and redeployment processes, focusing on enhancing the accuracy of processing, streamlining reviews, and reducing delays in the movement of personnel and equipment."
COMMERCIAL TERM,DDU,Delivered Duty Unpaid,"It is an Incoterm where the seller is responsible for delivering goods to a specified location, but the buyer is responsible for paying import duties, taxes, and other customs charges."
MILITARY & COMMERCIAL TERM,DEM,Demurrage,"It refers to charges incurred when a container is held at a port or terminal beyond the agreed-upon free time, typically after it's been unloaded from a ship."
MILITARY & COMMERCIAL TERM,DEV,Deviation,"It refers to a ship's departure from its agreed-upon or customary route. This can be a voluntary and unjustified departure, potentially leading to a breach of contract."
MILITARY & COMMERCIAL TERM,DG,Dangerous Goods,"These are items or substances that can pose a risk to health, safety, property, or the environment during transportation."
MILITARY & COMMERCIAL TERM,DGE,Dunnage,It refers to materials used to protect and secure cargo during transportation.
MILITARY & COMMERCIAL TERM,DGR,Dangerous Goods Regulations,"The rules and guidelines that govern the safe transportation of hazardous materials by air, sea, and land."
MILITARY TERM,DISA,Defense Information Systems Agency,"It is the Department of Defense combat support agency responsible for providing the global network infrastructure, communications, and information sharing capabilities for the military."
MILITARY & COMMERCIAL TERM,DISTRO,Distribution List,"It refers to a single email address that represents a group of recipients, allowing you to send an email to everyone on the list at once."
COMMERCIAL TERM,DND,Detention and Demurrage,"Demurrage is charged when a container is held at a port or terminal past the free time, while detention is charged when a container is held by the customer outside the port or terminal area beyond the free time."
MILITARY TERM,DOD,Department of Defense,It is the United States federal government agency responsible for all matters related to the national security and the armed forces.
MILITARY TERM,DODAAC,Department of Defense Activity Address Code,"It is a unique six-position, alphanumeric code used to identify a unit, activity, or organization within the Department of Defense."
MILITARY TERM,DODAAD,Department of Defense Activity Address Directory,It is an interactive database table that provides a single authoritative source of address information for Deparment of Defense Component requirements.
MILITARY TERM,DRAP,Deficit Reduction Action Plan,It refers to a plan focused on reducing the deficit by eliminating low-priority activities and generating savings through more efficient operations.
MILITARY TERM,DSN,Defense Switched Network,"It is a worldwide, secure, and non-secure voice, data, and video teleconferencing network used by the Department of Defense (DoD) for command and control, operations, and other critical communications."
MILITARY & COMMERCIAL TERM,EDI,Electronic Data Interchange,"The electronic transmission of shipping documents such as invoices, purchase orders and bills of lading."
COMMERCIAL TERM,EFAF,Emergency Fuel Adjustment Factor,"It is a surcharge applied by shipping carriers to offset sudden and significant increases in fuel costs, especially when a standard Bunker Adjustment Factor (BAF) is not sufficient to cover the added expenses."
MILITARY & COMMERCIAL TERM,EOSP,End of Sea Passage,"It signifies the precise moment a vessel completes its voyage and arrives at its destination port, marking the end of its underway period."
COMMERCIAL TERM,ERS,Equipment Repositioning Surcharge,It is a fee charged by shipping lines to cover the costs of moving empty containers back to areas where they are needed.
MILITARY & COMMERCIAL TERM,ETA,Estimated Time of Arrival,It is a predicted date and time when a shipment or vessel is expected to reach its destination.
MILITARY & COMMERCIAL TERM,ETB,Estimated Time of Berthing,It signifies the anticipated time a ship is expected to dock at a port or terminal.
MILITARY & COMMERCIAL TERM,ETD,Estimated Time of Departure,It is a predicted date and time when a shipment or vessel is expected to sail from its origin.
MILITARY TERM,ETRR,Export Traffic Release Request,It is a document that grants permission for cargo to be loaded onto a specific vessel for export.
COMMERCIAL TERM,ETS,Emission Trading System,"it is a system designed to reduce greenhouse gas emissions from various sectors, including maritime shipping."
MILITARY & COMMERCIAL TERM,EWRS,Emergency War Risk Surcharge,"It is an additional fee added to shipping costs when vessels need to navigate through areas deemed high-risk due to war, conflict, or other security threats."
COMMERCIAL TERM,EXW,Ex-works,It is an incoterm that signifies the seller's responsibility is limited to making the goods available at their premises.
COMMERCIAL TERM,F/R,Flat Rack Container,It is a specialized shipping container designed for transporting oversized or heavy cargo that doesn't fit within standard containers.
MILITARY TERM,F1,Free In Free Out,"It means that the shipper is responsible for the loading costs, and the consignee is responsible for the unloading costs."
MILITARY TERM,F2,Liner In Liner Out,It means that the carrier is responsible for both loading the cargo onto the vessel at the origin port and unloading it at the destination port.
MILITARY TERM,F3,Free In Liner Out,"It means that the shipper is responsible for the cost of loading the cargo onto the vessel at the origin port, while the carrier is responsible for the cost of unloading the cargo at the destination port."
MILITARY TERM,F4,Liner In Free Out,It means that the freight rate includes the cost of loading the cargo onto the ship at the origin port and the consignee is responsible for the cost of unloading the cargo at the destination port.
MILITARY TERM,F5,Door-Liner In Free Out,"It means that the carrier is responsible for picking up the cargo from the shipper's designated location including the cost and handling of loading the cargo onto the vessel at the origin, while the consignee is responsible for the cost and handling of unloading the cargo at the destination."
MILITARY TERM,F6,Door-Liner In Liner Out,It means that the carrier is responsible for picking up the cargo from the shipper's designated location including the cost and handling of loading the cargo onto the vessel at the origin and the cost and handling of unloading the cargo at the destination.
MILITARY TERM,F7,Free In Liner Out-Door,It means that the shipper is responsible for the loading costs while the carrier is responsible for the cost of unloading the cargo at the destination port and delivering the cargo to consignee's designation location.
MILITARY TERM,F8,Liner In Liner Out-Door,It means that the carrier is responsible for loading the cargo onto the vessel at the origin port including the cost of unloading the cargo at the destination port and delivering the cargo to consignee's designation location.
MILITARY TERM,F9,Door-Liner In Liner Out-Door,"It encompasses all stages of the shipping process, from initial pick up of the cargo from shipper's designated location to final delivery at consignee's designated location, including necessary documentation and customs procedures."
COMMERCIAL TERM,FCA,Free Carrier,"It is an Incoterm where the seller is responsible for delivering the goods to a carrier (like a shipping company or freight forwarder) at a designated location, often the seller's premises or a named port."
COMMERCIAL TERM,FCL,Full Contatiner Load,It refers to a shipping method where a single shipper uses the entire container.
COMMERCIAL TERM,FCR,Forwarder's Cargo Receipt,It is a document issued by the freight forwarder or their agent to the shipper of the cargo. This document is issued when the shipment has been handed over to the freight forwarder.
MILITARY TERM,FCRP,Freight Carrier Registration Program,"It is a program primarily associated with the U.S. Department of Defense (DoD) and its transportation agencies, like the Military Surface Deployment and Distribution Command (SDDC). It streamlines the process for commercial freight carriers to become approved to transport freight for the DoD."
MILITARY TERM,FDA,Final Disbursement Account,It is a financial document detailing the actual costs incurred by a shipping agent for a vessel's port call.
COMMERCIAL TERM,FEU,Forty Foot Equivalent Unit,It is a standard unit of measurement used to express the capacity of a 40-foot shipping container.
COMMERCIAL TERM,FF,Freight Forwarder,"It is a company that acts as an intermediary between shippers and various transportation services to move goods, both domestically and internationally."
COMMERCIAL TERM,FIATA,International Federation of Forwarding Agent Associations,It is a non-governmental organization that represents freight forwarders and logistics companies globally.
MILITARY & COMMERCIAL TERM,FIFO,First In First Out,It is a method of managing loaded cargoes where the first cargo loaded are shipped out first.
MILITARY & COMMERCIAL TERM,FILO,First In Last Out,It is a method of managing loaded cargoes where the most recently received cargoes are the first to be shipped out.
COMMERCIAL TERM,FLT,Full Liner Terms,This term signifies that the shipping line assumes responsibility for all costs associated with loading and unloading cargo at both the port of origin and the destination.
MILITARY TERM,FMC,Federal Maritime Commission,It is an independent regulatory agency in the United States responsible for overseeing and regulating ocean-borne transportation in international trade.
MILITARY TERM,FMS,Foreign Military Sales,"It is a U.S. government program that enables eligible foreign governments to purchase defense articles, services, and training from the U.S. through government-to-government agreements."
COMMERCIAL TERM,FOB,Free On Board,It is a common term that designates when the responsibility and costs of goods transfer from the seller to the buyer during international trade.
COMMERCIAL TERM,FOC,Free of Charge,"It means that the cost of shipping is included in the purchase price of the goods, rather than being billed separately to the buyer."
MILITARY & COMMERCIAL TERM,FRT,Freight,"It refers to goods or cargo being transported in bulk, typically in large quantities, by various modes of transportation like trucks, trains, ships, or airplanes."
MILITARY TERM,FSTO,Forward Strategic Transportation Officer,They are the representative and key component to ensure that strategic lines of communication remain open to provide flexibility for commanders.
COMMERCIAL TERM,FTL,Full Truckload,"It refers to a shipping method where a single shipper's goods fill an entire truck, meaning the truck is dedicated to that one shipment from origin to destination without any other freight being added."
COMMERCIAL TERM,GENSET,Generator Set,It is a portable generator used to power refrigerated shipping containers (reefers) during transit when they are not connected to a stationary power source.
MILITARY TERM,GFM,Global Freight Management,It is a system used by the Department of Defense (DoD) for managing and procuring freight transportation services.
MILITARY TERM,GHQ,Genera Headquarters,It refers to the main or central military command center where a commander controls and organizes forces.
MILITARY & COMMERCIAL TERM,GW,Gross Weight,"It refers to the total weight of a shipment, including the weight of the goods, all packaging materials (like boxes, pallets, and wrapping), and any other materials used for transportation."
MILITARY & COMMERCIAL TERM,HAZMAT,Hazardous Materials,"These are substances or materials that pose an unreasonable risk to health, safety, and property during transportation."
MILITARY & COMMERCIAL TERM,HC,High Cube Container,"These containers are one foot taller than standard shipping containers, providing extra height and increased cargo capacity."
COMMERCIAL TERM,HH,High and Heavy,"It refers to larger, heavier items like trucks and construction equipment."
COMMERCIAL TERM,HS,Harmonized System,It is an internationally accepted system used to classify products.
COMMERCIAL TERM,IBC,Intermediate Bulk Container,It is a versatile container used for transporting and storing bulk liquids and dry materials.
MILITARY TERM,IBS,Integrated Booking System,"It is a digital platform that connects various parties involved in the shipping process, such as carriers, freight forwarders, and logistics companies, to streamline and automate the booking process."
MILITARY & COMMERCIAL TERM,IMCO,Intergovernmental Maritime Consultative Organization,"It is a forum in which most major maritime nations participate and through which recommendations for the carriage of dangerous goods, bulk commodities and maritime regulations become internationally acceptable."
MILITARY & COMMERCIAL TERM,IMDG,International Maritime Dangerous Goods,It is a regulation established by the International Maritime Organization (IMO) for the international transport of dangerous goods.
COMMERCIAL TERM,IMO,International Maritime Organization,"It is a specialized agency of the United Nations responsible for regulating international shipping and ensuring its safety, security, and environmental protection."
COMMERCIAL TERM,INCOTERMS,International Commercial Terms,"These are set of rules that define the responsibilities of buyers and sellers in international and domestic trade transactions, particularly regarding the delivery of goods."
COMMERCIAL TERM,ISO,International Organization for Standardization,"These standards ensure consistency, security, and efficiency in international shipping by providing a framework for container dimensions, construction, and identification codes."
MILITARY & COMMERCIAL TERM,ISPM,International Standards for Phytosanitary Measures,It is a set of regulations designed to prevent the spread of pests and diseases through international trade via wooden packaging materials.
COMMERCIAL TERM,ISPS,International Ship and Port Facility Security Code,"It is a set of security measures designed to enhance maritime security by regulating and overseeing the movement of ships, crew, and cargo."
MILITARY & COMMERCIAL TERM,ITV,In-Transit Visibility,It refers to the ability to track and monitor the location and status of shipments as they move through the supply chain from origin to destination.
MILITARY TERM,JOC,Joint Operations Center,"It is a central hub where military personnel coordinate, plan, and monitor operations in real-time."
MILITARY & COMMERCIAL TERM,KG,Kilogram,"It is commonly used to measure the actual weight of cargo, as well as the volumetric weight when calculating shipping costs."
COMMERCIAL TERM,L/C,Letter of Credit,It is a written commitment by a bank issued after a request by an importer that payment will be made to an exporter.
COMMERCIAL TERM,L/G,Letter of Guarantee,"It is a document issued by a bank or financial institution. It assures the shipping company or carrier that the importer will fulfill their obligations, even if the original shipping documents (like the bill of lading) are delayed or not yet available."
COMMERCIAL TERM,LAYCAN,Laydays Cancelling,It is a term used to describe at which date or between which range of dates the vessel should be at the load port ready for loading.
COMMERCIAL TERM,LCL,Less Container Load,"It refers to a shipping method where your cargo shares space within a shipping container with other shipments from different shippers, rather than occupying the entire container."
MILITARY & COMMERCIAL TERM,LEW,Levy Exemption Waiver,This is a formal request to allow cargo to enter Iraq without having to pay a levy or tax on it.
MILITARY & COMMERCIAL TERM,LIFO,Last In First Out,It is an inventory management principle where the last item stored is the first to be retrieved.
MILITARY & COMMERCIAL TERM,LILO,Last In Last Out,It is a method of handling goods where the most recently loaded items are the first ones to be unloaded or shipped out.
MILITARY & COMMERCIAL TERM,LNB,Loaded Not Book,It is a shipment that was loaded onto a vessel but was not officially booked or documented to be on that specific voyage.
COMMERCIAL TERM,LOA,Letter of Authorization,It is a document that grants one party the authority to act on behalf of another for specific tasks related to a shipment.
MILITARY & COMMERCIAL TERM,LOB,Loaded on Board,"It is a confirmation that cargo has been physically placed onto a vessel for transportation and is a crucial notation on shipping documents, especially bills of lading."
COMMERCIAL TERM,LOI,Letter of Indemnity,"It is a legal document which essentially acts as a safety net, ensuring the indemnified party is not left bearing the consequences of unforeseen circumstances, often related to shipping documents or cargo handling."
COMMERCIAL TERM,LOLO,Lift On Lift Off,It is a cargo handling technique involving transfer of commodities to and from the ship using shoreside cranes or ship's gear.
COMMERCIAL TERM,LSS,Low Sulfur Surcharge,"It is a surcharge that is added to freight costs by shipping companies to offset the increased expense of using low-sulfur fuel, mandated by the International Maritime Organization (IMO)."
COMMERCIAL TERM,LTL,Less-Than-Truckload,"It refers to a shipping method where a freight shipment doesn't fill an entire truck, and is combined with other shipments to utilize the full capacity of the truck."
MILITARY & COMMERCIAL TERM,M/V,Mother Vessel,"It is a large cargo ship, typically a container ship, that operates on long-distance, major international shipping routes between major ports or transshipment hubs."
MILITARY & COMMERCIAL TERM,MHE,Material Handling Equipment,"It refers to the mechanical devices and systems used for moving, storing, and protecting goods and products in various environments like manufacturing and distribution."
MILITARY TERM,MOD,Ministry of Defence,"It refers to the government department responsible for the defense of a country, overseeing its armed forces and related matters."
MILITARY & COMMERCIAL TERM,MOFA,Ministry of Foreign Affairs,It is a government department responsible for managing a country's foreign policy and international relations.
MILITARY & COMMERCIAL TERM,MSDS,Material Safety Data Sheet,it is a crucial document in shipping that provides comprehensive information about the potential hazards of a substance and how to handle it safely.
MILITARY TERM,MSL,Military Shipment Label,These labels are used to identify shipments to the Department of Defense in a unique and immediately recognizable way.
MILITARY & COMMERCIAL TERM,MT,Metric Ton,It is the standard unit of mass used in international trade and shipping to measure the weight of cargo.
MILITARY TERM,NIPR,Non-classified Internet Protocol Router Network,"It is a secure computer network used for transmitting unclassified, but sensitive, information within the Department of Defense (DoD)."
MILITARY & COMMERCIAL TERM,NMFC,National Motor Freight Classification,It is a system that assigns a standard freight class to goods to determine their transportability and shipping cost.
MILITARY & COMMERCIAL TERM,NMFTA,National Motor Freight Traffic Association,"It is a non-profit membership organization provides critical services to the industry in the form of classification standards, identification codes, digital operating standards, and support for cybersecurity within the industry."
COMMERCIAL TERM,NVOCC,Non Vessel Operating Common Carrier,It is a company that acts as a carrier in the shipping industry without owning or operating the vessels themselves.
MILITARY & COMMERCIAL TERM,NW,Net Weight,"It refers to the actual weight of the cargo being shipped, excluding the weight of any packaging, containers, or other materials used for transportation."
MILITARY & COMMERCIAL TERM,O/F,Ocean Freight,It is the cost of transporting goods by sea.
MILITARY & COMMERCIAL TERM,OBL,Original Bill of Lading,It is a document that essentially acts as proof of ownership and is required for the consignee to claim the goods at the destination.
MILITARY TERM,OCCASWA,Ocean Cargo Clearance Authority Southwest Asia,"It is a party that books Department of Defense (DOD) sponsored cargo for surface movement, performs related contract administration, and accomplishes export and import surface traffic management functions."
MILITARY TERM,OCONUS,Outside Continental United States,It refers to any state or territory outside the continental United States.
COMMERCIAL TERM,ODM,Original Design Manufacturing,"It refers to a business model where a company designs and manufactures a product, which is then sold to other companies under their own brand names."
COMMERCIAL TERM,OEM,Original Equipment Manufacturer,It refers to a company that manufactures products based on the designs and specifications provided by another company.
COMMERCIAL TERM,OH,Overheight Cargo,"It refers to cargo or containers that exceed the standard height for normal shipments, requiring specialized handling and potentially different transportation methods."
COMMERCIAL TERM,OOG,Out of Gauge,It refers to a cargo that exceeds the standard dimensions of shipping containers.
COMMERCIAL TERM,OT,Open Top Container,"These are specialized shipping containers without a roof, typically covered with a tarpaulin, and used for cargo that is too tall or awkwardly shaped to fit inside a standard container."
MILITARY TERM,OTO,One Time Offer,It is related to the shipping of personal property for military personnel.
COMMERCIAL TERM,OW,Overweight Cargo,It refers to a cargo or containers that exceed the standard weight limit for a particular mode of transport or container type.
COMMERCIAL TERM,OWS,Overweight Surcharge,It is an additional fee applied by shipping companies when a package or container exceeds the standard weight limit.
MILITARY & COMMERCIAL TERM,P/L,Packing List,"It is a detailed document that itemizes the contents of a shipment, providing information about the quantity, weight, dimensions, and packaging of each item."
MILITARY & COMMERCIAL TERM,P2P,Port to Port,"It refers to the transportation of goods, typically in shipping containers, between two seaports."
MILITARY TERM,PACOM,United States Indo-Pacific Command,"It is a geographic combatant command responsible for the Indo-Pacific region and its primary mission is to protect and defend U.S. interests, people, and territory within its area of responsibility."
COMMERCIAL TERM,PCC,Pure Car Carrier,"It is a specialized type of ship designed to transport vehicles, primarily cars, in a safe and efficient manner."
MILITARY TERM,PCFN,Port Call File Number,"It is a unique identifier assigned to a booking in the Integrated Booking System, specifically for sealift."
COMMERCIAL TERM,PCTC,Pure Car and Truck Carrier,It is a vessel constructed for the carriage of cars and trucks only and is a specialised version of a Roll-On Roll-Off ship.
MILITARY & COMMERCIAL TERM,PKG,Package,"It refers to a bundled quantity of goods, often a collection of items, that are packed and wrapped together for transport."
MILITARY & COMMERCIAL TERM,PLT,Pallet,"It is a platform, often made of wood, plastic, or metal, used to unitize and stabilize freight for easy handling, storage, and transportation."
MILITARY & COMMERCIAL TERM,PO,Purchase Order,"It is a commercial document issued by a buyer to a seller, indicating the types, quantities, and agreed prices for products or services."
MILITARY & COMMERCIAL TERM,POC,Point Of Contact,The designated individual or department that serves as the primary liaison for communication and information regarding a shipment.
MILITARY & COMMERCIAL TERM,POD,Port of Discharge,"The designated port where a vessel unloads its cargo, marking the end of the sea transportation phase and the beginning of land-based operations."
MILITARY & COMMERCIAL TERM,POE,Port of Embarkation,The specific seaport where cargo or passengers board a vessel for a journey.
MILITARY & COMMERCIAL TERM,POR,Place of Receipt,It is the specific location where the carrier takes physical possession of the goods from the shipper.
COMMERCIAL TERM,POV,Privately Owned Vehicle,"It refers to the process of shipping a personal vehicle, often when relocating or when the vehicle needs to be transported to a new location."
MILITARY & COMMERCIAL TERM,PSS,Peak Season Surcharge,"It is a surcharge that helps carriers manage increased costs associated with higher shipping volumes, congestion, and limited space."
COMMERCIAL TERM,PTL,Partial Truckload,"It refers to a freight shipping method where a shipper's cargo occupies a portion of a truck's trailer, but not the entire space."
MILITARY & COMMERCIAL TERM,QA,Quality Assurance,"It is a program of activities, including inspections and assessments, designed to ensure that the quality of contracted services, purchased equipment, and institutional training programs meet established standards and contractual requirements."
MILITARY & COMMERCIAL TERM,QC,Quality Control,It refers to the contractor's process for managing and ensuring that their own activities and those of their subcontractors and suppliers meet contract requirements for quality.
COMMERCIAL TERM,R/C,Re-consignment,"It refers to changing the delivery instructions of a shipment after it has already been tendered to a carrier, but before it reaches its final destination."
COMMERCIAL TERM,R/T,Revenue Ton,"It is a unit used to calculate freight charges, particularly for bulk cargo. It represents either the weight or the volume of the shipment, whichever results in a higher charge."
MILITARY & COMMERCIAL TERM,RDD,Required Delivery Date,It is the date a customer expects a cargo to be delivered.
MILITARY TERM,REA,Request for Equiptable Adjustment,It is an official request from a contractor to a contracting officer asking for an equitable change to the contract price.
COMMERCIAL TERM,RF,Reefer / Refrigerated Container,"It is a specialized shipping container designed to transport temperature-sensitive goods, like food or pharmaceuticals, by maintaining a specific temperature and humidity level."
MILITARY & COMMERCIAL TERM,RFQ,Request for Quotation,It is a formal document that outlines specific shipping requirements and invites shipping companies to submit detailed price quotes.
MILITARY & COMMERCIAL TERM,ROB,Remaining on Board,"It refers to the quantity of cargo, fuel, or other materials remaining in a ship's tanks or systems after a discharge or delivery operation."
COMMERCIAL TERM,RORO,Roll On Roll Off,"These are vessels designed to carry wheeled cargo, such as vehicles and trailers."
COMMERCIAL TERM,RTE,Route,"This refers to the navigating lanes, both natural and man-made, in wide waterways (oceans, lakes…) used by large vessels to connect major ports and carry cargo."
COMMERCIAL TERM,S/O,Shipping Order,It is a document issued by a carrier (or their agent) to confirm that space has been booked for cargo on a specific vessel. The SO serves as a confirmation of the booking and provides essential details for the shipment.
MILITARY & COMMERCIAL TERM,SCAC,Standard Carrier Alpha Code,It is a unique two-to-four-letter identification code assigned to registered freight carriers and logistics companies by the National Motor Freight Traffic Association (NMFTA).
MILITARY TERM,SDDC,Military Surface Deployment and Distribution Command,"It is a unique Army command that focuses on the global deployment and distribution of military forces and material, primarily through surface transportation."
MILITARY & COMMERCIAL TERM,SDS,Safety Data Sheet,It is a crucial document in shipping that provides comprehensive information about the properties and potential hazards of a substance or product.
COMMERCIAL TERM,SI,Shipping Instruction,"This is a detailed guideline provided by a shipper to a carrier or freight forwarder, outlining how a shipment should be handled and transported."
COMMERCIAL TERM,SKD,Semi Knocked Down,"It is a method where goods, often vehicles or large appliances, are partially assembled at the origin and then shipped in components or modules to be fully assembled at the destination."
COMMERCIAL TERM,SN,Shipping Note,It is a document that provides detailed information about a shipment of goods.
COMMERCIAL TERM,SOB,Shipped On Board,It means that cargoes have been physically loaded onto the designated vessel for transportation.
MILITARY & COMMERCIAL TERM,SOC,Shipper Owned Container,"It refers to a shipping container that is owned by the individual or company shipping the goods, rather than being owned or leased by the shipping line."
MILITARY & COMMERCIAL TERM,SOF,Statement of Facts,"It is a crucial document that logs all events during a ship's stay in port, including arrival, departure, cargo operations, weather conditions, and delays."
MILITARY & COMMERCIAL TERM,SOLAS,Safety of Life at Sea Convention,"It is a crucial treaty that sets minimum safety standards for the construction, equipment, and operation of merchant ships, primarily focusing on preventing shipwrecks and minimizing loss of life at sea."
COMMERCIAL TERM,STC,Said to Contain,"This phrase is used on shipping documents, particularly bills of lading, to indicate that the carrier is relying on the shipper's description of the goods rather than independently verifying it."
COMMERCIAL TERM,STW,Said to Weigh,This notation indicates that the carrier is not responsible for the accuracy of the declared weight of the shipment.
COMMERCIAL TERM,T/S,Transshipment,It refers to the process of transferring cargo from one ship to another at an intermediate port during its journey to the final destination.
MILITARY TERM,TAC,Transportation Account Code,"These are used in the shipping and transportation process to link movement authority, funding approval, and accounting data for shipments of cargo and personal property in the Defense Transportation System."
MILITARY TERM,TAN,Trans Arabian Network,It is a US military logistics and transportation network in the Middle East.
MILITARY TERM,TCN,Transportation Control Number,It is a unique identifier assigned to a shipment for tracking and accountability purposes throughout its journey.
MILITARY TERM,TDR,Transportation Discrepancy Report,"This document is used to report issues with shipments such as loss, shortage, or damage to Government material to support the filing of claims."
COMMERCIAL TERM,TEU,Twenty Foot Equivalent Unit,"It is a unit of measurement used to describe the capacity of container ships and terminals, based on the standard 20-foot shipping container."
MILITARY & COMMERCIAL TERM,THC,Terminal Handling Charge,"These charges are levied by terminal operators for the handling of cargo at a port, including loading, unloading, and storage."
MILITARY & COMMERCIAL TERM,TLX,Telex Release,It is an electronic message that allows a shipping carrier to release goods to the consignee without the original bill of lading.
MILITARY TERM,TMR,Transportation Movement Requests,"It is a formal document used to initiate the process of moving supplies or personnel, transforming an initial transportation request into a concrete plan for shipment."
COMMERCIAL TERM,TOS,Terms of Shipment,It refers to the agreed-upon conditions between a seller and a buyer outlining the responsibilities and obligations for the delivery of goods.
MILITARY TERM,TRANSCOM,United States Transportation Command,"It is a unified, functional combatant command responsible for global air, land, and sea transportation."
MILITARY TERM,TSC,Theater Sustainment Command,This is a U.S. Army logistics headquarters responsible for providing sustainment support within a specific geographic theater of operations.
COMMERCIAL TERM,TT,Transit Time,It is the total time it takes for a shipment to travel from its origin point to its final destination.
MILITARY TERM,ULN,Unit Line Number,"It is a unique alphanumeric code, typically seven characters long, used to identify a specific increment of a unit's deployment."
MILITARY & COMMERCIAL TERM,UOM,Unit of Measure,"It defines the standard physical units for tracking and managing inventory, such as cases, pallets, feet, gallons, or pounds."
MILITARY TERM,USC,Universal Service Contract,It is a contract that enables the Military Surface Deployment and Distribution Command (SDDC) to fulfill its mission by facilitating the movement of DTS cargo when ocean transport is required.
MILITARY & COMMERCIAL TERM,VAT,Value Added Tax,"It is an additional tax on imported goods, applied at every step of the supply chain - from raw materials to manufacturing and the sale of goods."
MILITARY & COMMERCIAL TERM,VDN,Voyage Document Number,It identifies the geographical area in which cargo is loaded on each voyage of a vessel.
MILITARY & COMMERCIAL TERM,VGM,Verified Gross Mass,"It is the total weight of a packed shipping container, including the cargo, dunnage, and the container's tare weight (empty weight)."
MILITARY & COMMERCIAL TERM,VIN,Vehicle Identification Number,"It is a unique 17-character alphanumeric code assigned to each vehicle, acting as its unique identifier."
MILITARY & COMMERCIAL TERM,VOL,Volume,"It refers to the amount of space that cargo occupies, typically measured in cubic units like cubic meters or cubic feet."
MILITARY & COMMERCIAL TERM,VSL,Vessel,"It is a broad term encompassing any type of watercraft, including ships, boats, and other floating structures, used for transportation on water."
MILITARY & COMMERCIAL TERM,W/M,Weight and/or Measurement,This is a common term used to determine freight charges which indicates that the shipping cost will be based on whichever yields a higher revenue: the actual weight of the shipment or its volume.
MILITARY & COMMERCIAL TERM,WB,Waybill,"It is a non-negotiable document that serves as a receipt for goods being shipped, outlining the details of the shipment and the terms of the transportation contract between the shipper and the carrier."
MILITARY & COMMERCIAL TERM,WRS,War Risk Surcharge,"It is an additional fee applied by shipping carriers to cover the increased costs associated with navigating areas of actual or potential war conflict, civil unrest, or piracy."
MILITARY & COMMERCIAL TERM,DFL,Duty Fee Letter,It refers to the notification and payment process for customs duties and import taxes that the recipient of an international shipment is responsible for paying.
MILITARY & COMMERCIAL TERM,ASYCUDA,Automated System for Customs Data,It is a computerized customs management system that covers most foreign trade procedures. It handles manifests and customs declarations.
MILITARY & COMMERCIAL TERM,RFI,Request for Information,"It is a formal, structured document sent by a customer to a supplier or service provider to gather general information about potential products, services, or capabilities."
MILITARY TERM,RFID,Radio Frequency Identification,It is a wireless technology that uses radio waves to automatically identify and track objects by capturing data from a tag using a reader.
MILITARY TERM,BVN,Best Value Number,"It refers to a scoring system used for awarding commercial service contracts, such as household goods moving, based on a combination of cost and performance."
